Changes made at Thu Nov 20 10:13:23 UTC 2025
Changes made at Thu Nov 20 12:27:16 UTC 2025
Changes made at Thu Nov 20 14:11:46 UTC 2025
Changes made at Thu Nov 20 16:15:04 UTC 2025
Changes made at Fri Nov 21 08:17:20 UTC 2025
Changes made at Fri Nov 21 10:12:39 UTC 2025
Changes made at Fri Nov 21 14:11:43 UTC 2025
Changes made at Fri Nov 21 16:14:45 UTC 2025
Changes made at Sat Nov 22 08:14:23 UTC 2025
Changes made at Sat Nov 22 10:11:14 UTC 2025
Changes made at Sat Nov 22 14:09:32 UTC 2025
Changes made at Sat Nov 22 16:12:31 UTC 2025
Changes made at Sun Nov 23 08:14:36 UTC 2025
Changes made at Sun Nov 23 10:11:12 UTC 2025
Changes made at Sun Nov 23 14:09:36 UTC 2025
Changes made at Sun Nov 23 16:12:36 UTC 2025
Changes made at Mon Nov 24 08:17:47 UTC 2025
Changes made at Mon Nov 24 10:14:03 UTC 2025
